a√±o,drive_id
2007,1EFpZF5F6cB0DOHd2Uxnj7X948WE69a8e
2008,1_OSeHlyKJw8cIhMS_JzSg1RlYX8k6vSG
2009,1qkVatg0pC_zosuBs0NCSgEXDJvBbnTYC
2010,1_yU6FRh8M7USjiChQwyF20NtY48GTmEX
2011,1HHhgLF-kSR6Gde2qOaTXL3T5ieD33hpG
2012,18Yz2prqKSLthrMmW-73vrOiDmKTCL6xE
2013,1p_7lw9RzkINfscYAZSmc-Z9Ci4ZPJyEr
2014,1FpF5wTBsRDkEhLm3z2g8XDiXr9SO9Uk8
2015,1DyqR5FFcwGsamSag-fGm13feQt0Y-3Da
2016,16qooQl_ySoW61CrtsBbreBVNPYlEkoYm
2017,1HPLWt5f_l4RIX3tKjI4tUXyZOev52W0N
2018,1cM4IgGMIiR-u4gBIH5IEe3DcvBvUzedi
2019,1pN3fn2wY34GH6cY-gKfbxRJJBFE0lb_l
2020,1esu6IiH5TVTxFoedv6DBGDd01Gvi8785
2021,12xH8LX9aN2gObR766YN3cMcuycwyCJDz
2022,1PRQjuV5gOn_nn6UNvaJyVURDIfbSAK4-
2023,1-WO3SfNrwwZ5_l7fRTiwBKRw7mi1-HUq
2024,14lB0vqMFkaZj8HZ44b0njYgxs9nAN8KO
2025,1-G3MdmHBt6CprDwcW99xxC4BZ2DU5ryR